{"cameraMode":{"drawMode":0,"name":"Shaded","section":"Shading Mode"},"sceneLighting":true,"audioPlay":false,"sceneViewState":{"showFog":true,"showMaterialUpdate":false,"showSkybox":true,"showFlares":true,"showImageEffects":true,"showParticleSystems":true},"in2DMode":false,"pivot":{"x":-47.15485763549805,"y":-17.872955322265626,"z":-67.43014526367188},"rotation":{"x":-0.04023061692714691,"y":0.9292989373207092,"z":-0.3513838052749634,"w":-0.10640233010053635},"size":182.88084411621095,"orthographic":false}