{"cameraMode":{"drawMode":0,"name":"Shaded","section":"Shading Mode"},"sceneLighting":true,"audioPlay":false,"sceneViewState":{"showFog":true,"showMaterialUpdate":false,"showSkybox":true,"showFlares":true,"showImageEffects":true,"showParticleSystems":true},"in2DMode":false,"pivot":{"x":-29.581897735595704,"y":-22.373620986938478,"z":-1.804042935371399},"rotation":{"x":-0.24654607474803925,"y":0.6603326201438904,"z":-0.24448975920677186,"w":-0.6658948063850403},"size":46.47607421875,"orthographic":false}