{"cameraMode":{"drawMode":0,"name":"Shaded","section":"Shading Mode"},"sceneLighting":true,"audioPlay":false,"sceneViewState":{"showFog":true,"showMaterialUpdate":false,"showSkybox":true,"showFlares":true,"showImageEffects":true,"showParticleSystems":true},"in2DMode":false,"pivot":{"x":-49.175384521484378,"y":-39.7355842590332,"z":66.65238189697266},"rotation":{"x":0.21338500082492829,"y":-0.3375636637210846,"z":0.07886037975549698,"w":0.9134014844894409},"size":112.40013885498047,"orthographic":false}