{"cameraMode":{"drawMode":0,"name":"Shaded","section":"Shading Mode"},"sceneLighting":true,"audioPlay":false,"sceneViewState":{"showFog":true,"showMaterialUpdate":false,"showSkybox":true,"showFlares":true,"showImageEffects":true,"showParticleSystems":true},"in2DMode":false,"pivot":{"x":83.25575256347656,"y":-36.15748977661133,"z":71.2479248046875},"rotation":{"x":-0.3571462333202362,"y":0.3997306227684021,"z":-0.1728806346654892,"w":-0.826349139213562},"size":330.0249328613281,"orthographic":false}