{"cameraMode":{"drawMode":0,"name":"Shaded","section":"Shading Mode"},"sceneLighting":true,"audioPlay":false,"sceneViewState":{"showFog":true,"showMaterialUpdate":false,"showSkybox":true,"showFlares":true,"showImageEffects":true,"showParticleSystems":true},"in2DMode":false,"pivot":{"x":-80.76602172851563,"y":-5.334742069244385,"z":14.53658390045166},"rotation":{"x":0.27494505047798159,"y":-0.3785613477230072,"z":0.11884551495313645,"w":0.8757805824279785},"size":27.306657791137697,"orthographic":false}