{"cameraMode":{"drawMode":0,"name":"Shaded","section":"Shading Mode"},"sceneLighting":true,"audioPlay":false,"sceneViewState":{"showFog":true,"showMaterialUpdate":false,"showSkybox":true,"showFlares":true,"showImageEffects":true,"showParticleSystems":true},"in2DMode":false,"pivot":{"x":429.5064392089844,"y":362.5130615234375,"z":9.487897872924805},"rotation":{"x":-0.002397557022050023,"y":-0.012007329612970353,"z":0.000029043118047411554,"w":-0.9999277591705322},"size":1070.2628173828125,"orthographic":false}