{"cameraMode":{"drawMode":0,"name":"Shaded","section":"Shading Mode"},"sceneLighting":true,"audioPlay":false,"sceneViewState":{"showFog":true,"showMaterialUpdate":false,"showSkybox":true,"showFlares":true,"showImageEffects":true,"showParticleSystems":true},"in2DMode":false,"pivot":{"x":124.94538879394531,"y":437.65936279296877,"z":-35.57139587402344},"rotation":{"x":-0.16632066667079926,"y":-0.0035573774948716165,"z":0.0005999194690957665,"w":-0.9860685467720032},"size":539.220458984375,"orthographic":false}