{"cameraMode":{"drawMode":0,"name":"Shaded","section":"Shading Mode"},"sceneLighting":true,"audioPlay":false,"sceneViewState":{"showFog":true,"showMaterialUpdate":false,"showSkybox":true,"showFlares":true,"showImageEffects":true,"showParticleSystems":true},"in2DMode":false,"pivot":{"x":181.07174682617188,"y":3.6966753005981447,"z":-141.81387329101563},"rotation":{"x":-0.21395686268806458,"y":0.0254848413169384,"z":-0.005583459511399269,"w":-0.976498007774353},"size":10.829375267028809,"orthographic":false}