{"cameraMode":{"drawMode":0,"name":"Shaded","section":"Shading Mode"},"sceneLighting":true,"audioPlay":false,"sceneViewState":{"showFog":true,"showMaterialUpdate":false,"showSkybox":true,"showFlares":true,"showImageEffects":true,"showParticleSystems":true},"in2DMode":false,"pivot":{"x":-4.621264934539795,"y":6.544751167297363,"z":-9.15594482421875},"rotation":{"x":-0.08516160398721695,"y":0.8690642714500427,"z":-0.16083160042762757,"w":-0.4600895345211029},"size":15.49239444732666,"orthographic":true}