{"cameraMode":{"drawMode":0,"name":"Shaded","section":"Shading Mode"},"sceneLighting":true,"audioPlay":false,"sceneViewState":{"showFog":true,"showMaterialUpdate":false,"showSkybox":true,"showFlares":true,"showImageEffects":true,"showParticleSystems":true},"in2DMode":false,"pivot":{"x":437.85113525390627,"y":200.9618682861328,"z":267.94464111328127},"rotation":{"x":0.11315115541219711,"y":-0.008346112444996834,"z":0.000950598856434226,"w":0.9935441017150879},"size":788.2660522460938,"orthographic":false}