{"cameraMode":{"drawMode":0,"name":"Shaded","section":"Shading Mode"},"sceneLighting":true,"audioPlay":false,"sceneViewState":{"showFog":true,"showMaterialUpdate":false,"showSkybox":true,"showFlares":true,"showImageEffects":true,"showParticleSystems":true},"in2DMode":false,"pivot":{"x":75.52377319335938,"y":-55.85577392578125,"z":144.7218780517578},"rotation":{"x":-0.36509132385253909,"y":0.5145431756973267,"z":-0.2566846013069153,"w":-0.7322254180908203},"size":464.7132873535156,"orthographic":false}